{"is_source_file": false, "format": "", "description": "", "external_files": [], "external_methods": [], "published": [], "classes": [], "methods": [], "calls": [], "search-terms": [], "state": 2, "file_id": 12, "knowledge_revision": 20, "git_revision": "1c3b68a34247f294079666ae24d46f751bed46ad", "hash": "dbbc12a6b8c190ec466e699a28ed4c0e", "format-version": 4, "code-base-name": "tic_tac_toe_frontend", "filename": "README.md", "revision_history": [{"20": "1c3b68a34247f294079666ae24d46f751bed46ad"}]}