{"is_source_file": true, "format": "JavaScript (React JSX)", "description": "This file serves as the entry point for a React application, rendering the main App component into the DOM.", "external_files": ["./App", "react", "react-dom/client", "./index.css"], "external_methods": ["React.createElement", "ReactDOM.createRoot"], "published": [], "classes": [], "methods": [{"name": "ReactDOM.createRoot", "description": "Creates a root for rendering a React component into the DOM"}], "calls": ["ReactDOM.createRoot", "root.render"], "search-terms": ["index.js", "React", "ReactDOM", "entry point", "rendering", "main component"], "state": 2, "file_id": 9, "knowledge_revision": 24, "git_revision": "773078b2d728a1320d32921e978029acd976ca78", "ctags": [{"_type": "tag", "name": "root", "path": "/home/kavia/workspace/code-generation/two-player-tic-tac-toe-202143-202152/tic_tac_toe_frontend/src/index.js", "pattern": "/^const root = ReactDOM.createRoot(document.getElementById('root'));$/", "language": "JavaScript", "kind": "constant"}], "hash": "9fc5841375336fc175b49f8767a11383", "format-version": 4, "code-base-name": "tic_tac_toe_frontend", "filename": "tic_tac_toe_frontend/src/index.js", "revision_history": [{"24": "773078b2d728a1320d32921e978029acd976ca78"}]}