{"is_source_file": true, "format": "JavaScript (React JSX)", "description": "This file is a React component named 'App' which manages a theme toggle (light/dark mode) and renders UI elements including a button, logo, and links.", "external_files": ["./logo.svg", "./App.css"], "external_methods": ["React.useState", "React.useEffect"], "published": ["App"], "classes": [], "methods": [{"name": "App()", "description": "React functional component that initializes theme state, applies theme to document, provides a toggle function, and renders UI.", "scope": "", "scopeKind": ""}, {"name": "toggleTheme", "description": "Function to toggle theme state between 'light' and 'dark'."}], "calls": ["document.documentElement.setAttribute", "setTheme", "useState", "useEffect"], "search-terms": ["React", "theme toggle", "useState", "useEffect", "App component", "Frontend", "UI theme switcher"], "state": 2, "file_id": 8, "knowledge_revision": 25, "git_revision": "773078b2d728a1320d32921e978029acd976ca78", "ctags": [{"_type": "tag", "name": "App", "path": "/home/kavia/workspace/code-generation/two-player-tic-tac-toe-202143-202152/tic_tac_toe_frontend/src/App.js", "pattern": "/^function App() {$/", "language": "JavaScript", "kind": "function", "signature": "()"}, {"_type": "tag", "name": "Switch to ${theme === 'light' ? 'dark' : 'light'} mode", "path": "/home/kavia/workspace/code-generation/two-player-tic-tac-toe-202143-202152/tic_tac_toe_frontend/src/App.js", "pattern": "/^          aria-label={`Switch to ${theme === 'light' ? 'dark' : 'light'} mode`}$/", "language": "JavaScript", "kind": "field", "scope": "App.aria", "scopeKind": "class"}, {"_type": "tag", "name": "toggleTheme", "path": "/home/kavia/workspace/code-generation/two-player-tic-tac-toe-202143-202152/tic_tac_toe_frontend/src/App.js", "pattern": "/^          onClick={toggleTheme}$/", "language": "JavaScript", "kind": "field", "scope": "App.onClick", "scopeKind": "class"}], "hash": "b55dd9e6a018e59207d8e277dffd9e11", "format-version": 4, "code-base-name": "tic_tac_toe_frontend", "filename": "tic_tac_toe_frontend/src/App.js", "fields": [{"name": "aria-label={`Switch to ${theme === 'light' ? 'dark' : 'light'} mode`}", "scope": "App.aria", "scopeKind": "class", "description": "unavailable"}, {"name": "onClick={toggleTheme}", "scope": "App.onClick", "scopeKind": "class", "description": "unavailable"}], "revision_history": [{"25": "773078b2d728a1320d32921e978029acd976ca78"}]}