{"is_source_file": false, "format": "", "description": "", "external_files": [], "external_methods": [], "published": [], "classes": [], "methods": [], "calls": [], "search-terms": ["CSS", "theme", "variables", "light theme", "dark theme", "responsive", "App"], "state": 2, "file_id": 5, "knowledge_revision": 17, "git_revision": "773078b2d728a1320d32921e978029acd976ca78", "hash": "22f9e17cc1848b56dbb244518ac2707e", "format-version": 4, "code-base-name": "tic_tac_toe_frontend", "filename": "tic_tac_toe_frontend/src/App.css", "revision_history": [{"17": "773078b2d728a1320d32921e978029acd976ca78"}]}